WordId	Word
1	wacky
2	roll
3	stomach
4	cause
5	statuesque
6	trees
7	unsuitable
8	animated
9	peaceful
10	trick
11	dear
12	drawer
13	far
14	describe
15	attract
16	bead
17	stir
18	possess
19	flap
20	point
21	spotted
22	equable
23	pretty
24	unequaled
25	abstracted
26	enormous
27	ground
28	check
29	popcorn
30	hose
31	nostalgic
32	sulky
33	squeeze
34	crowded
35	chubby
36	lazy
37	dusty
38	bumpy
39	ambitious
40	rate
41	iron
42	tin
43	heat
44	jolly
45	dust
46	bell
47	distinct
48	level
49	horn
50	hall
51	action
52	identify
53	bat
54	key
55	accessible
56	reproduce
57	snatch
58	superb
59	veil
60	egg
61	top
62	goofy
63	neck
64	crayon
65	wrist
66	phone
67	wine
68	fresh
69	burst
70	political
71	judge
72	gruesome
73	caption
74	numerous
75	tart
76	shallow
77	sheep
78	driving
79	craven
80	black
81	ready
82	detail
83	babies
84	useless
85	rock
86	direful
87	glorious
88	value
89	gabby
90	cactus
91	curtain
92	synonymous
93	tick
94	license
95	flashy
96	fruit
97	supply
98	scribble
99	consist
100	science
